"First Name","Last Name","Gender","Occupation","Salary""","","","",""
"Abigail","Carroll","Female","Archeologist","5017"
"Abigail","Robinson","Female","Medic","3353"
"Abigail","Cooper","Female","Driver","8584"
"Abigail","Baker","Female","Interior Designer","9029"
"Abigail","Casey","Female","Fashion Designer","8391"
"Abigail","Robinson","Female","Carpenter","4886"
"Abigail","Harrison","Female","Medic","1552"
"Abigail","Johnston","Female","Teacher","8738"
"Abigail","Robinson","Female","Journalist","2620"
"Abigail","Cooper","Female","Medic","1823"
"Abraham","Gibson","Male","Meteorologist","7994"
"Abraham","Evans","Male","Biochemist","5170"
"Abraham","Chapman","Male","Firefighter","7847"
"Abraham","Riley","Male","Hairdresser","6141"
"Abraham","Armstrong","Male","Auditor","7553"
"Abraham","Clark","Male","Baker","1928"
"Abraham","Scott","Male","Carpenter","3222"
"Abraham","Cole","Male","Biochemist","9486"
"Abraham","Reed","Male","Geologist","5615"
"Abraham","Wells","Male","Astronomer","8388"
"Abraham","Montgomery","Male","Botanist","4259"
"Abraham","Ellis","Male","Lecturer","8267"
"Ada","Armstrong","Female","Astronomer","3072"
"Ada","Phillips","Female","Aeroplane Pilot","5468"
"Ada","Wilson","Female","Composer","3651"
"Ada","Morris","Female","Driver","4870"
"Ada","Farrell","Female","Actor","3015"
"Ada","Craig","Female","Journalist","2670"
"Ada","Watson","Female","Biochemist","6510"
"Ada","Holmes","Female","Scientist","8316"
"Ada","Davis","Female","Driver","3237"
"Ada","Brooks","Female","Photographer","4916"
"Ada","Alexander","Female","Economist","3550"
"Adam","Richards","Male","Teacher","5813"
"Adam","Campbell","Male","Engineer","3751"
"Adam","Cameron","Male","Economist","2376"
"Adam","Harper","Male","Pharmacist","3197"
"Adelaide","Cunningham","Female","Lawer","1674"
"Adelaide","Carter","Female","Manager","2165"
"Adelaide","Smith","Female","Astronomer","699"
"Adelaide","Payne","Female","Auditor","7193"
"Adelaide","Campbell","Female","Interpreter","7533"
"Adelaide","Carroll","Female","Manager","6601"
"Adelaide","Casey","Female","Veterinarian","4255"
"Adele","Hall","Female","Botanist","8529"
"Adele","Ferguson","Female","Firefighter","6398"
"Adele","Thomas","Female","Lawer","3052"
"Adele","Foster","Female","Chemist","9211"
"Adele","West","Female","Fine Artist","2760"
"Adele","Douglas","Female","Interior Designer","3826"
"Adele","Nelson","Female","Driver","2649"
"Adele","Armstrong","Female","Singer","2152"
"Adele","Johnson","Female","Jeweller","8989"
"Adele","Bennett","Female","Agronomist","3394"
"Adele","Riley","Female","Electrician","9673"
"Adele","Harper","Female","Electrician","6945"
"Adison","Elliott","Male","Insurer","6082"
"Adison","Wilson","Male","Police Officer","1795"
"Adison","Carroll","Male","Teacher","1334"
"Adison","Reed","Male","Chef","8740"
"Adison","Roberts","Male","Police Officer","4266"
"Adison","Myers","Male","Accountant","3527"
"Adison","Mason","Male","Interpreter","8379"
"Adison","Hawkins","Male","Insurer","7376"
"Adison","Hamilton","Male","Electrician","4086"
"Adison","Turner","Male","Meteorologist","6344"
"Adison","Johnson","Male","Journalist","4145"
"Adison","Watson","Male","Graphic Designer","1577"
"Adison","Mason","Male","Geologist","7417"
"Adrian","Hill","Male","Archeologist","2421"
"Adrian","Stevens","Male","Teacher","8539"
"Adrian","Stewart","Male","Architect","995"
"Adrian","Ferguson","Male","Chemist","7985"
"Adrian","Morgan","Male","Biochemist","5527"
"Adrian","Perkins","Male","Physicist","1367"
"Adrian","Tucker","Male","Driver","4613"
"Adrian","Armstrong","Male","Agronomist","6955"
"Adrian","Holmes","Male","Pharmacist","2151"
"Adrian","Smith","Male","Lecturer","4031"
"Adrian","Myers","Male","Florist","1241"
"Adrian","Johnston","Male","Interior Designer","6651"
"Adrian","Hall","Male","Lawer","4063"
"Adrianna","Brooks","Female","Graphic Designer","1429"
"Adrianna","Reed","Female","Veterinarian","8150"
"Adrianna","Taylor","Female","Archeologist","7137"
"Adrianna","Morrison","Female","Engineer","9433"
"Adrianna","Wright","Female","Carpenter","6532"
"Agata","Thomas","Female","Historian","2237"
"Agata","Parker","Female","Social Worker","9037"
"Agata","Kelley","Female","Mathematician","7813"
"Aida","Dixon","Female","Journalist","9632"
"Aida","Cameron","Female","Social Worker","1194"
"Aida","Bailey","Female","Architect","5723"
"Aida","Morrison","Female","Manager","9605"
"Aida","Reed","Female","Producer","6328"
"Aida","Martin","Female","Pharmacist","7276"
"Aida","Hamilton","Female","Singer","3557"
"Aiden","Clark","Male","Journalist","7235"
"Aiden","Thompson","Male","Fine Artist","1730"
"Aiden","Kelley","Male","Insurer","8799"
"Aiden","Andrews","Male","Electrician","6821"
"Aiden","Ellis","Male","Auditor","1587"
"Aiden","Anderson","Male","Fashion Designer","3143"
"Aiden","Johnston","Male","Lecturer","7207"
"Aiden","Martin","Male","Jeweller","4986"
"Aiden","Parker","Male","Journalist","6885"
"Alan","Baker","Male","Architect","3512"
"Alan","Johnson","Male","Singer","1378"
"Alan","Montgomery","Male","Fine Artist","5911"
"Alan","West","Male","Scientist","9094"
"Alan","Thompson","Male","Florist","3027"
"Alan","Roberts","Male","Agronomist","3131"
"Alan","Henderson","Male","Manager","1942"
"Alan","Walker","Male","Pharmacist","4055"
"Alan","Chapman","Male","Economist","6432"
"Albert","Ferguson","Male","Auditor","5243"
"Albert","Ryan","Male","Cook","8305"
"Albert","Bennett","Male","Florist","6364"
"Albert","Alexander","Male","Veterinarian","1845"
"Albert","Miller","Male","Lawer","5905"
"Albert","Morris","Male","Lecturer","631"
"Alberta","Smith","Female","Teacher","9330"
"Alberta","Mason","Female","Journalist","7649"
"Alberta","Johnson","Female","Dancer","6196"
"Alberta","Wells","Female","Baker","5372"
"Alberta","Harrison","Female","Teacher","9261"
"Alberta","Montgomery","Female","Insurer","8052"
"Alberta","Farrell","Female","Carpenter","5794"
"Alberta","Adams","Female","Firefighter","3210"
"Alberta","Barrett","Female","Interior Designer","6433"
"Aldus","Ferguson","Male","Aeroplane Pilot","9483"
"Aldus","Adams","Male","Baker","6669"
"Aldus","Higgins","Male","Auditor","5359"
"Aldus","Hill","Male","Electrician","2687"
"Aldus","Gibson","Male","Salesman","5987"
"Aldus","Elliott","Male","Dancer","7656"
"Alen","Warren","Male","Mathematician","2089"
"Alen","Rogers","Male","Botanist","9272"
"Alen","Barrett","Male","Police Officer","6960"
"Alen","Wright","Male","Mechanic","5932"
"Alen","Montgomery","Male","Programmer","5497"
"Alen","Johnston","Male","Architect","1717"
"Alen","Elliott","Male","Baker","3033"
"Alen","Kelley","Male","Engineer","3794"
"Alen","Moore","Male","Producer","5963"
"Alexander","Roberts","Male","Archeologist","3046"
"Alexander","Perry","Male","Veterinarian","1729"
"Alexander","Riley","Male","Singer","7937"
"Alexander","Watson","Male","Biochemist","2905"
"Alexander","Farrell","Male","Florist","1234"
"Alexander","Alexander","Male","Mathematician","4758"
"Alexander","Morgan","Male","Singer","1887"
"Alexander","Hunt","Male","Graphic Designer","1715"
"Alexander","Elliott","Male","Fine Artist","2053"
"Alexia","Barrett","Female","Hairdresser","5188"
"Alexia","Baker","Female","Insurer","5526"
"Alexia","Turner","Female","Chemist","5557"
"Alexia","Johnston","Female","Dancer","6344"
"Alexia","Richardson","Female","Producer","6082"
"Alexia","Rogers","Female","Auditor","6107"
"Alexia","Russell","Female","Chef","2922"
"Alexia","West","Female","Actor","6643"
"Alford","Thompson","Male","Florist","7533"
"Alford","Perry","Male","Auditor","596"
"Alford","Russell","Male","Driver","1523"
"Alford","Cunningham","Male","Journalist","9122"
"Alford","Murray","Male","Florist","3394"
"Alford","Wells","Male","Firefighter","1726"
"Alfred","Johnston","Male","Lawer","5453"
"Alfred","Johnson","Male","Interpreter","9583"
"Alfred","Carroll","Male","Baker","7152"
"Alfred","Baker","Male","Accountant","6537"
"Alfred","Gray","Male","Florist","4774"
"Alfred","Scott","Male","Interior Designer","3331"
"Alina","Moore","Female","Carpenter","6588"
"Alina","Ferguson","Female","Photographer","6507"
"Alina","Murray","Female","Fine Artist","5713"
"Alina","Nelson","Female","Lawer","5075"
"Alina","Alexander","Female","Programmer","5782"
"Alina","Campbell","Female","Fashion Designer","520"
"Alina","Thomas","Female","Baker","2634"
"Alina","Richards","Female","Producer","1079"
"Alina","Wells","Female","Biochemist","5713"
"Alina","Johnston","Female","Driver","3694"
"Alina","Warren","Female","Chemist","7365"
"Alina","Henderson","Female","Producer","3942"
"Alisa","Edwards","Female","Pharmacist","3791"
"Alisa","Richardson","Female","Pharmacist","7619"
"Alisa","Morgan","Female","Salesman","1644"
"Alisa","Tucker","Female","Biochemist","3256"
"Alisa","Johnson","Female","Mathematician","7424"
"Alisa","Lloyd","Female","Fashion Designer","4573"
"Alisa","Craig","Female","Electrician","8697"
"Alisa","Tucker","Female","Geologist","6781"
"Alisa","Morris","Female","Botanist","8784"
"Alisa","Cole","Female","Auditor","7105"
"Alissa","Evans","Female","Florist","1661"
"Alissa","Perkins","Female","Pharmacist","8449"
"Alissa","Russell","Female","Chef","1436"
"Alissa","Brooks","Female","Photographer","7141"
"Alissa","Fowler","Female","Hairdresser","3627"
"Alissa","Edwards","Female","Aeroplane Pilot","6445"
"Alissa","Stewart","Female","Baker","2368"
"Amanda","Richards","Female","Jeweller","2289"
"Amanda","Bailey","Female","Astronomer","6119"
"Amanda","Hawkins","Female","Social Worker","3811"
"Amanda","Ellis","Female","Geologist","6897"
"Amanda","Andrews","Female","Jeweller","1217"
"Amanda","Jones","Female","Chef","7021"
"Amanda","Thompson","Female","Economist","5490"
"Amanda","Hamilton","Female","Lecturer","5025"
"Amanda","Lloyd","Female","Florist","6250"
"Amber","Ryan","Female","Carpenter","525"
"Amber","Lloyd","Female","Carpenter","2582"
"Amber","Walker","Female","Dancer","2253"
"Amber","Wells","Female","Medic","756"
"Amelia","Mason","Female","Mechanic","9365"
"Amelia","Moore","Female","Mechanic","9095"
"Amelia","Hamilton","Female","Journalist","620"
"Amelia","West","Female","Insurer","4347"
"Amelia","Morgan","Female","Insurer","751"
"Amelia","Mitchell","Female","Producer","8016"
"Amelia","Martin","Female","Baker","4348"
"Amelia","Gray","Female","Journalist","6068"
"Amelia","Mitchell","Female","Lecturer","8103"
"Amy","Campbell","Female","Engineer","5971"
"Amy","Russell","Female","Teacher","2430"
"Amy","Reed","Female","Agronomist","5232"
"Amy","Kelly","Female","Singer","9192"
"Amy","Bailey","Female","Driver","9700"
"Amy","Edwards","Female","Fine Artist","4989"
"Amy","Clark","Female","Scientist","9599"
"Andrew","Craig","Male","Fine Artist","7540"
"Andrew","Rogers","Male","Police Officer","3759"
"Andrew","Hawkins","Male","Baker","5975"
"Andrew","Parker","Male","Teacher","4206"
"Andrew","Cooper","Male","Cook","3999"
"Andrew","Richards","Male","Pharmacist","2295"
"Andrew","Dixon","Male","Manager","788"
"Andrew","Watson","Male","Chemist","3301"
"Andrew","Cameron","Male","Auditor","4713"
"Anna","Roberts","Female","Astronomer","9230"
"Anna","Holmes","Female","Carpenter","4411"
"Anna","Davis","Female","Auditor","6748"
"Anna","Barrett","Female","Teacher","5792"
"Anna","Payne","Female","Singer","9247"
"Anna","Kelley","Female","Jeweller","4632"
"Anna","Murphy","Female","Florist","6200"
"Anna","Thompson","Female","Hairdresser","5640"
"Anna","Sullivan","Female","Actor","7398"
"Anna","Thomas","Female","Physicist","2099"
"Annabella","Scott","Female","Historian","8801"
"Annabella","Montgomery","Female","Agronomist","6588"
"Annabella","Gray","Female","Fine Artist","530"
"Annabella","Murray","Female","Police Officer","7460"
"Annabella","Richards","Female","Dancer","7198"
"Annabella","Wells","Female","Auditor","8859"
"Annabella","Bailey","Female","Insurer","9725"
"Antony","Crawford","Male","Social Worker","9025"
"Antony","Myers","Male","Florist","8933"
"Antony","Hunt","Male","Accountant","1236"
"Antony","Riley","Male","Archeologist","2117"
"Antony","Hall","Male","Journalist","1959"
"Antony","Ellis","Male","Cook","4556"
"Antony","Alexander","Male","Physicist","1133"
"Antony","Fowler","Male","Aeroplane Pilot","2045"
"April","Watson","Female","Lecturer","2172"
"April","Turner","Female","Economist","3561"
"April","Payne","Female","Baker","1522"
"April","Carroll","Female","Archeologist","4407"
"April","Murray","Female","Florist","7673"
"April","Johnston","Female","Chemist","6122"
"Arianna","Holmes","Female","Economist","1906"
"Arianna","Farrell","Female","Photographer","5077"
"Arianna","Johnston","Female","Firefighter","8859"
"Arianna","Jones","Female","Cook","9078"
"Arianna","Spencer","Female","Driver","1071"
"Arianna","Hamilton","Female","Veterinarian","3384"
"Arianna","Rogers","Female","Lawer","8200"
"Arianna","Carroll","Female","Economist","2347"
"Arianna","Jones","Female","Aeroplane Pilot","595"
"Arianna","Owens","Female","Pharmacist","9011"
"Arianna","Ferguson","Female","Firefighter","9029"
"Arnold","Riley","Male","Hairdresser","6632"
"Arnold","Russell","Male","Veterinarian","2942"
"Arnold","Carter","Male","Teacher","5521"
"Arnold","Campbell","Male","Historian","7100"
"Arnold","Dixon","Male","Baker","1089"
"Arnold","Watson","Male","Physicist","6821"
"Arnold","Stevens","Male","Lecturer","9936"
"Arnold","Grant","Male","Fashion Designer","6453"
"Arthur","Myers","Male","Dancer","2841"
"Arthur","Thompson","Male","Astronomer","642"
"Arthur","Nelson","Male","Social Worker","2194"
"Arthur","Rogers","Male","Veterinarian","9117"
"Arthur","Reed","Male","Interpreter","1146"
"Arthur","Thompson","Male","Teacher","5154"
"Arthur","Williams","Male","Physicist","6085"
"Ashton","Cunningham","Male","Actor","2947"
"Ashton","Johnson","Male","Teacher","521"
"Ashton","Russell","Male","Carpenter","2380"
"Ashton","Parker","Male","Mathematician","3417"
"Ashton","Hunt","Male","Lecturer","3661"
"Ashton","Smith","Male","Salesman","5800"
"Ashton","Stevens","Male","Agronomist","3996"
"Ashton","Murray","Male","Manager","553"
"Ashton","Ross","Male","Architect","727"
"Ashton","Howard","Male","Interpreter","4582"
"Ashton","Morgan","Male","Programmer","7635"
"Ashton","Harper","Male","Scientist","6512"
"Ashton","Brooks","Male","Police Officer","7091"
"Aston","Ferguson","Male","Salesman","1402"
"Aston","Stevens","Male","Teacher","7158"
"Aston","Casey","Male","Photographer","4882"
"Aston","Ross","Male","Pharmacist","6728"
"Aston","Elliott","Male","Baker","7622"
"Aston","Anderson","Male","Insurer","7940"
"Aston","Gibson","Male","Meteorologist","1862"
"Aston","Spencer","Male","Fine Artist","6076"
"Aston","West","Male","Economist","7547"
"Aston","Carter","Male","Lecturer","9319"
"Audrey","Hunt","Female","Graphic Designer","9134"
"Audrey","Lloyd","Female","Composer","2829"
"Audrey","Barnes","Female","Actor","1209"
"Audrey","Henderson","Female","Photographer","5345"
"Audrey","Casey","Female","Jeweller","4510"
"Audrey","Cooper","Female","Economist","4335"
"Belinda","Crawford","Female","Firefighter","4265"
"Belinda","Smith","Female","Carpenter","4450"
"Belinda","Carroll","Female","Engineer","4474"
"Blake","Mitchell","Male","Carpenter","7883"
"Blake","Morrison","Male","Veterinarian","7132"
"Blake","Parker","Male","Botanist","6275"
"Blake","Barnes","Male","Economist","6659"
"Brad","Parker","Male","Teacher","1889"
"Brad","Alexander","Male","Historian","2078"
"Brad","Ryan","Male","Agronomist","4762"
"Brad","Phillips","Male","Veterinarian","6405"
"Brad","Owens","Male","Jeweller","9958"
"Brad","Richardson","Male","Programmer","4159"
"Brad","Andrews","Male","Physicist","4462"
"Brad","Douglas","Male","Jeweller","9955"
"Brad","Nelson","Male","Chemist","6098"
"Brianna","Robinson","Female","Mechanic","9759"
"Brianna","Andrews","Female","Interior Designer","5535"
"Brianna","Carroll","Female","Social Worker","1915"
"Brianna","Jones","Female","Archeologist","6005"
"Brianna","Riley","Female","Agronomist","9003"
"Brianna","Allen","Female","Dancer","8136"
"Brianna","Craig","Female","Meteorologist","6763"
"Brianna","Roberts","Female","Dancer","7433"
"Brianna","Foster","Female","Medic","1263"
"Briony","Kelley","Female","Architect","1206"
"Briony","Campbell","Female","Auditor","8373"
"Briony","Stevens","Female","Astronomer","8975"
"Briony","Richardson","Female","Jeweller","3797"
"Briony","Hunt","Female","Fashion Designer","6150"
"Briony","Farrell","Female","Salesman","9962"
"Briony","Foster","Female","Botanist","8715"
"Briony","Fowler","Female","Hairdresser","9734"
"Briony","Fowler","Female","Florist","9361"
"Briony","Ferguson","Female","Chef","3735"
"Brooke","Cole","Female","Lawer","1005"
"Brooke","Ryan","Female","Aeroplane Pilot","2930"
"Brooke","Thompson","Female","Aeroplane Pilot","9600"
"Brooke","Morrison","Female","Producer","8535"
"Brooke","West","Female","Fine Artist","1809"
"Brooke","Ryan","Female","Firefighter","6768"
"Brooke","Ferguson","Female","Actor","9801"
"Brooke","Riley","Female","Baker","8326"
"Bruce","Brooks","Male","Archeologist","9092"
"Bruce","Lloyd","Male","Interpreter","4122"
"Bruce","Armstrong","Male","Astronomer","8367"
"Bruce","Holmes","Male","Dancer","8971"
"Bruce","Johnston","Male","Mathematician","9764"
"Bruce","Stevens","Male","Agronomist","6663"
"Bruce","Barnes","Male","Teacher","8166"
"Bruce","Hunt","Male","Physicist","2183"
"Bruce","Perry","Male","Botanist","9215"
"Bruce","Harrison","Male","Photographer","847"
"Byron","Spencer","Male","Driver","3692"
"Byron","Turner","Male","Archeologist","2696"
"Byron","Davis","Male","Economist","8859"
"Byron","Montgomery","Male","Composer","2666"
"Byron","Campbell","Male","Geologist","7911"
"Cadie","Morris","Female","Teacher","9758"
"Cadie","Cole","Female","Chemist","3297"
"Cadie","Rogers","Female","Florist","6978"
"Cadie","Clark","Female","Interpreter","8779"
"Cadie","Johnson","Female","Driver","8950"
"Cadie","Ryan","Female","Veterinarian","4679"
"Cadie","Adams","Female","Carpenter","7437"
"Cadie","Douglas","Female","Geologist","2595"
"Cadie","Cameron","Female","Chemist","3841"
"Cadie","Anderson","Female","Agronomist","1446"
"Camila","Johnston","Female","Veterinarian","8122"
"Camila","Phillips","Female","Teacher","8017"
"Camila","Andrews","Female","Mathematician","8790"
"Camila","Harris","Female","Teacher","5223"
"Camila","Wright","Female","Insurer","2705"
"Camila","Morgan","Female","Teacher","4745"
"Camila","Armstrong","Female","Mathematician","5953"
"Camila","Higgins","Female","Interpreter","8714"
"Camila","Martin","Female","Pharmacist","2312"
"Camila","Smith","Female","Lawer","5756"
"Carina","Thomas","Female","Jeweller","4363"
"Carina","Richards","Female","Physicist","2799"
"Carina","Watson","Female","Actor","9703"
"Carina","Turner","Female","Architect","3127"
"Carina","Stevens","Female","Botanist","1900"
"Carina","Higgins","Female","Mechanic","8157"
"Carina","Cameron","Female","Economist","7288"
"Carina","Grant","Female","Aeroplane Pilot","3860"
"Carina","Turner","Female","Interpreter","1381"
"Carl","Morgan","Male","Photographer","8420"
"Carl","Grant","Male","Carpenter","1686"
"Carl","Cole","Male","Economist","6560"
"Carl","Evans","Male","Chef","768"
"Carl","Casey","Male","Insurer","1765"
"Carl","Harrison","Male","Composer","1410"
"Carlos","Farrell","Male","Scientist","5142"
"Carlos","Lloyd","Male","Engineer","4374"
"Carlos","Johnson","Male","Social Worker","6729"
"Carlos","Hawkins","Male","Actor","5810"
"Carlos","Myers","Male","Medic","2741"
"Carlos","Alexander","Male","Interior Designer","3484"
"Caroline","Andrews","Female","Hairdresser","7100"
"Caroline","Myers","Female","Interpreter","6279"
"Caroline","Phillips","Female","Journalist","3500"
"Caroline","Cole","Female","Fine Artist","9561"
"Catherine","Andrews","Female","Interior Designer","2475"
"Catherine","Morgan","Female","Baker","5395"
"Charlie","Myers","Male","Florist","3456"
"Charlie","Crawford","Male","Medic","2765"
"Charlie","Grant","Male","Lecturer","2327"
"Charlie","Brown","Male","Mechanic","6970"
"Charlie","Kelly","Male","Police Officer","2915"
"Charlie","Martin","Male","Manager","2689"
"Charlie","Richards","Male","Dancer","8922"
"Charlie","Walker","Male","Aeroplane Pilot","2455"
"Charlotte","Stewart","Female","Physicist","1124"
"Charlotte","Tucker","Female","Auditor","4662"
"Charlotte","Farrell","Female","Driver","8319"
"Charlotte","Moore","Female","Interior Designer","7958"
"Charlotte","Johnson","Female","Manager","9898"
"Charlotte","Turner","Female","Meteorologist","5104"
"Chelsea","Cunningham","Female","Chemist","4997"
"Chelsea","Grant","Female","Geologist","5365"
"Chelsea","Edwards","Female","Salesman","8447"
"Chelsea","Clark","Female","Historian","2249"
"Chelsea","Tucker","Female","Fashion Designer","8500"
"Chelsea","Chapman","Female","Hairdresser","5732"
"Chelsea","Owens","Female","Physicist","7136"
"Chelsea","Dixon","Female","Graphic Designer","1935"
"Chelsea","Howard","Female","Chemist","8290"
"Cherry","Murray","Female","Florist","2386"
"Cherry","Morris","Female","Mechanic","530"
"Cherry","Crawford","Female","Biochemist","7856"
"Cherry","Wright","Female","Interior Designer","2709"
"Cherry","Hall","Female","Driver","8489"
"Chester","Grant","Male","Physicist","2361"
"Chester","Hawkins","Male","Journalist","4350"
"Chester","Williams","Male","Economist","1316"
"Chester","Johnson","Male","Veterinarian","782"
"Chloe","Kelly","Female","Manager","1575"
"Chloe","Gibson","Female","Composer","8964"
"Chloe","Cameron","Female","Mechanic","5513"
"Chloe","Ross","Female","Producer","6085"
"Chloe","Evans","Female","Police Officer","2921"
"Chloe","Brown","Female","Lecturer","2182"
"Chloe","Cameron","Female","Engineer","3762"
"Chloe","Robinson","Female","Economist","6088"
"Chloe","Ryan","Female","Architect","3584"
"Chloe","Johnston","Female","Geologist","7981"
"Chloe","Morgan","Female","Chemist","765"
"Clark","Montgomery","Male","Geologist","6328"
"Clark","Riley","Male","Social Worker","958"
"Clark","Chapman","Male","Aeroplane Pilot","7036"
"Clark","Craig","Male","Fine Artist","1833"
"Clark","Brown","Male","Scientist","8527"
"Clark","Casey","Male","Historian","1955"
"Clark","Kelly","Male","Singer","3884"
"Clark","Gray","Male","Photographer","3990"
"Connie","Thomas","Female","Lawer","9329"
"Connie","Spencer","Female","Carpenter","6280"
"Connie","Ellis","Female","Carpenter","4120"
"Connie","Mitchell","Female","Manager","5331"
"Connie","Fowler","Female","Architect","4118"
"Connie","Andrews","Female","Cook","521"
"Connie","Holmes","Female","Geologist","5295"
"Connie","Carter","Female","Chemist","1472"
"Connie","Brooks","Female","Fine Artist","4473"
"Connie","Casey","Female","Driver","5528"
"Connie","Johnson","Female","Chef","7592"
"Connie","Howard","Female","Medic","3490"
"Connie","Hamilton","Female","Lawer","4570"
"Dainton","West","Male","Aeroplane Pilot","4120"
"Dainton","Ryan","Male","Archeologist","8968"
"Dainton","Phillips","Male","Pharmacist","8935"
"Dainton","Cunningham","Male","Botanist","7077"
"Dainton","Riley","Male","Programmer","8391"
"Dainton","Moore","Male","Agronomist","5151"
"Dainton","Campbell","Male","Dancer","6972"
"Daisy","Reed","Female","Social Worker","2447"
"Daisy","Murphy","Female","Composer","5197"
"Daisy","Adams","Female","Aeroplane Pilot","5259"
"Daisy","Carter","Female","Chef","3685"
"Daisy","Cameron","Female","Salesman","1520"
"Daisy","Elliott","Female","Graphic Designer","749"
"Daisy","Carter","Female","Electrician","3709"
"Daisy","Harrison","Female","Photographer","3972"
"Dale","Clark","Male","Astronomer","6212"
"Dale","Anderson","Male","Veterinarian","1059"
"Dale","Campbell","Male","Police Officer","6966"
"Dale","Spencer","Male","Photographer","7451"
"Dale","Barnes","Male","Actor","8240"
"Daniel","Owens","Male","Insurer","1797"
"Daniel","Cole","Male","Astronomer","5875"
"Daniel","Elliott","Male","Physicist","5994"
"Daniel","Parker","Male","Architect","8811"
"Daniel","Davis","Male","Dancer","7153"
"Darcy","Brown","Female","Programmer","1869"
"Darcy","Miller","Female","Cook","7358"
"Darcy","Gray","Female","Insurer","2757"
"Darcy","Ellis","Female","Fine Artist","6348"
"Darcy","Lloyd","Female","Engineer","8467"
"Darcy","Campbell","Female","Insurer","8012"
"Darcy","Cameron","Female","Dancer","9743"
"Daryl","Clark","Male","Botanist","2819"
"Daryl","Martin","Male","Lecturer","7085"
"Daryl","Moore","Male","Economist","6066"
"Daryl","Hamilton","Male","Accountant","3888"
"Daryl","Jones","Male","Journalist","1763"
"David","Cole","Male","Composer","6986"
"David","Andrews","Male","Archeologist","7305"
"David","Crawford","Male","Economist","3793"
"David","Stewart","Male","Chef","4146"
"David","Smith","Male","Jeweller","5384"
"David","Phillips","Male","Composer","5103"
"David","Scott","Male","Chef","4411"
"David","Cooper","Male","Programmer","8273"
"Deanna","Chapman","Female","Singer","2543"
"Deanna","Wells","Female","Social Worker","5459"
"Deanna","Armstrong","Female","Actor","1519"
"Deanna","Ellis","Female","Singer","663"
"Deanna","Murphy","Female","Insurer","8632"
"Deanna","Thompson","Female","Jeweller","3396"
"Deanna","Russell","Female","Interpreter","2994"
"Deanna","Barrett","Female","Economist","2508"
"Deanna","Gibson","Female","Photographer","8313"
"Deanna","Robinson","Female","Chef","5703"
"Derek","Cooper","Male","Actor","3114"
"Derek","West","Male","Lecturer","6567"
"Derek","Andrews","Male","Aeroplane Pilot","6677"
"Derek","Cameron","Male","Jeweller","4852"
"Derek","Morrison","Male","Medic","8544"
"Dexter","Williams","Male","Pharmacist","9241"
"Dexter","Kelley","Male","Accountant","1277"
"Dexter","Morris","Male","Physicist","3210"
"Dexter","Parker","Male","Social Worker","4889"
"Dexter","Mitchell","Male","Dancer","5366"
"Dexter","Mason","Male","Veterinarian","3482"
"Dominik","Wright","Male","Aeroplane Pilot","3710"
"Dominik","Kelley","Male","Veterinarian","536"
"Dominik","Ferguson","Male","Agronomist","7718"
"Dominik","Farrell","Male","Pharmacist","8685"
"Dominik","Reed","Male","Archeologist","8163"
"Dominik","Perry","Male","Geologist","9151"
"Dominik","Perry","Male","Teacher","2049"
"Dominik","Davis","Male","Lawer","1866"
"Eddy","Ferguson","Male","Carpenter","7020"
"Eddy","Morrison","Male","Insurer","5516"
"Eddy","Richards","Male","Archeologist","8587"
"Eddy","Carter","Male","Actor","5647"
"Eddy","West","Male","Driver","5118"
"Eddy","Robinson","Male","Accountant","6347"
"Eddy","Hall","Male","Singer","2328"
"Edgar","Sullivan","Male","Insurer","4903"
"Edgar","Morris","Male","Composer","8227"
"Edgar","Cunningham","Male","Chemist","9942"
"Edgar","Kelly","Male","Veterinarian","7189"
"Edgar","Turner","Male","Cook","7794"
"Edgar","Stewart","Male","Journalist","1107"
"Edgar","Brown","Male","Architect","4061"
"Edgar","Perkins","Male","Journalist","4323"
"Edgar","Barrett","Male","Producer","6852"
"Edith","Roberts","Female","Firefighter","9012"
"Edith","Riley","Female","Salesman","2269"
"Edith","Barrett","Female","Chemist","9341"
"Edith","Baker","Female","Singer","5523"
"Edith","Mitchell","Female","Cook","8248"
"Edith","Carter","Female","Mathematician","8429"
"Edward","Holmes","Male","Fashion Designer","6581"
"Edward","Miller","Male","Meteorologist","9494"
"Edward","Stevens","Male","Journalist","1760"
"Edward","Crawford","Male","Hairdresser","3117"
"Edward","Walker","Male","Fashion Designer","8838"
"Edward","Lloyd","Male","Interior Designer","8051"
"Edward","Davis","Male","Physicist","3245"
"Edwin","Smith","Male","Singer","4887"
"Edwin","Stevens","Male","Mathematician","9985"
"Edwin","Elliott","Male","Hairdresser","2914"
"Edwin","Russell","Male","Singer","5892"
"Edwin","Fowler","Male","Salesman","2906"
"Edwin","Alexander","Male","Botanist","4127"
"Edwin","Mason","Male","Jeweller","5811"
"Edwin","Mason","Male","Agronomist","4680"
"Eleanor","Mason","Female","Geologist","5538"
"Eleanor","Perry","Female","Firefighter","4695"
"Eleanor","Thompson","Female","Biochemist","1251"
"Elian","Kelley","Male","Interpreter","660"
"Elian","Smith","Male","Hairdresser","9338"
"Elian","Carter","Male","Geologist","2613"
"Elian","Jones","Male","Archeologist","2205"
"Elian","Montgomery","Male","Manager","9513"
"Elise","Kelley","Female","Mathematician","8200"
"Elise","Armstrong","Female","Pharmacist","7752"
"Elise","Ferguson","Female","Botanist","9879"
"Elise","Craig","Female","Singer","8470"
"Elise","Johnson","Female","Engineer","5404"
"Elise","Kelly","Female","Insurer","6462"
"Elise","Elliott","Female","Meteorologist","9823"
"Elise","Taylor","Female","Fashion Designer","3329"
"Elise","Alexander","Female","Insurer","9931"
"Ellia","Murphy","Female","Hairdresser","7033"
"Ellia","Walker","Female","Dancer","5801"
"Ellia","Lloyd","Female","Lawer","4151"
"Ellia","Hall","Female","Insurer","4850"
"Ellia","Watson","Female","Producer","8439"
"Ellia","Morrison","Female","Mechanic","5606"
"Ellia","Higgins","Female","Dancer","3374"
"Ellia","Chapman","Female","Chemist","2222"
"Emily","Morgan","Female","Veterinarian","4392"
"Emily","Williams","Female","Interior Designer","1582"
"Emily","Andrews","Female","Aeroplane Pilot","5727"
"Emily","Owens","Female","Chemist","5680"
"Emily","Elliott","Female","Programmer","3131"
"Emily","Grant","Female","Botanist","6934"
"Emily","Johnston","Female","Veterinarian","2337"
"Emily","Cole","Female","Medic","2233"
"Emily","Jones","Female","Economist","4470"
"Emily","Baker","Female","Lecturer","6038"
"Emily","Johnson","Female","Graphic Designer","533"
"Emma","Adams","Female","Insurer","3115"
"Emma","West","Female","Archeologist","7610"
"Emma","Barrett","Female","Florist","3152"
"Emma","Wilson","Female","Electrician","3383"
"Emma","Turner","Female","Medic","6578"
"Emma","Owens","Female","Scientist","8927"
"Eric","Nelson","Male","Electrician","797"
"Eric","Kelly","Male","Agronomist","1786"
"Eric","Craig","Male","Botanist","7440"
"Eric","Craig","Male","Dancer","4505"
"Eric","Perry","Male","Medic","7962"
"Eric","Lloyd","Male","Historian","9204"
"Eric","Barnes","Male","Auditor","3189"
"Eric","Myers","Male","Carpenter","5603"
"Eric","Richardson","Male","Social Worker","4479"
"Eric","Wells","Male","Police Officer","5584"
"Evelyn","Baker","Female","Singer","4751"
"Evelyn","Kelley","Female","Driver","8830"
"Evelyn","Bennett","Female","Dancer","6550"
"Evelyn","Mason","Female","Police Officer","1325"
"Evelyn","Murray","Female","Meteorologist","5000"
"Fenton","Kelly","Male","Photographer","4657"
"Fenton","Morrison","Male","Interpreter","7775"
"Fenton","Morgan","Male","Actor","7291"
"Fenton","Crawford","Male","Photographer","8024"
"Fenton","Carroll","Male","Manager","6003"
"Fenton","Hamilton","Male","Programmer","1385"
"Fenton","Higgins","Male","Mathematician","4248"
"Fenton","Montgomery","Male","Accountant","6404"
"Fenton","Edwards","Male","Fine Artist","2945"
"Fenton","Stevens","Male","Physicist","1781"
"Fiona","Anderson","Female","Singer","9510"
"Fiona","Henderson","Female","Lecturer","2102"
"Fiona","Wells","Female","Journalist","9789"
"Florrie","Murphy","Female","Geologist","3869"
"Florrie","Farrell","Female","Journalist","9904"
"Florrie","Casey","Female","Biochemist","3295"
"Florrie","Hunt","Female","Driver","4900"
"Florrie","Davis","Female","Veterinarian","9868"
"Florrie","Cunningham","Female","Chemist","1363"
"Freddie","Scott","Male","Producer","9903"
"Freddie","Holmes","Male","Jeweller","4275"
"Freddie","Montgomery","Male","Programmer","4347"
"Freddie","Carroll","Male","Architect","8964"
"Freddie","Fowler","Male","Fashion Designer","6008"
"Freddie","Ellis","Male","Medic","4307"
"Freddie","Davis","Male","Mechanic","7983"
"Freddie","Henderson","Male","Biochemist","1255"
"Frederick","Robinson","Male","Photographer","591"
"Frederick","Reed","Male","Architect","4551"
"Frederick","Casey","Male","Teacher","5998"
"Frederick","Ferguson","Male","Economist","4649"
"Frederick","Henderson","Male","Chemist","2198"
"Frederick","Andrews","Male","Journalist","3272"
"Frederick","Hall","Male","Journalist","6250"
"Frederick","Craig","Male","Mechanic","5711"
"Frederick","Williams","Male","Chef","2632"
"Frederick","Williams","Male","Firefighter","2478"
"Frederick","Hamilton","Male","Lawer","7569"
"Frederick","Carroll","Male","Lecturer","9777"
"Frederick","Henderson","Male","Fashion Designer","4961"
"Frederick","Robinson","Male","Electrician","6511"
"Frederick","Douglas","Male","Lawer","6573"
"Frederick","Bennett","Male","Graphic Designer","1778"
"Frederick","Williams","Male","Pharmacist","1527"
"Garry","Watson","Male","Social Worker","9551"
"Garry","Richardson","Male","Meteorologist","3463"
"Garry","Henderson","Male","Lawer","2551"
"Garry","Morris","Male","Accountant","9254"
"Garry","Miller","Male","Journalist","7846"
"Garry","Phillips","Male","Meteorologist","6728"
"Garry","Sullivan","Male","Salesman","7010"
"Garry","Campbell","Male","Producer","8492"
"Garry","Howard","Male","Mechanic","1023"
"Garry","Warren","Male","Graphic Designer","6406"
"Garry","Hill","Male","Scientist","1463"
"Garry","Ferguson","Male","Auditor","5080"
"Garry","Cunningham","Male","Architect","7233"
"George","Barnes","Male","Journalist","7463"
"George","Cameron","Male","Agronomist","9125"
"George","Perry","Male","Producer","9033"
"George","Montgomery","Male","Electrician","3435"
"George","Davis","Male","Historian","6633"
"George","Cunningham","Male","Scientist","8030"
"George","Martin","Male","Botanist","3650"
"Gianna","Taylor","Female","Fine Artist","3710"
"Gianna","Barrett","Female","Lecturer","7591"
"Gianna","Riley","Female","Cook","5182"
"Gianna","Williams","Female","Lecturer","1788"
"Gianna","Howard","Female","Social Worker","4683"
"Gianna","Craig","Female","Geologist","9991"
"Gianna","Casey","Female","Mechanic","2375"
"Gianna","Fowler","Female","Historian","1884"
"Gianna","Gibson","Female","Florist","7758"
"Gianna","Sullivan","Female","Programmer","4554"
"Grace","Gibson","Female","Singer","9623"
"Grace","Tucker","Female","Programmer","7215"
"Grace","Ross","Female","Insurer","6815"
"Hailey","Payne","Female","Florist","6147"
"Hailey","Brooks","Female","Medic","3723"
"Hailey","Morrison","Female","Engineer","9440"
"Hailey","Fowler","Female","Architect","2384"
"Hailey","Evans","Female","Dancer","3900"
"Hailey","Howard","Female","Lecturer","9616"
"Hailey","Murphy","Female","Fine Artist","4452"
"Hailey","Cooper","Female","Accountant","5296"
"Hailey","Allen","Female","Carpenter","9260"
"Haris","Roberts","Male","Journalist","6201"
"Haris","Evans","Male","Electrician","6012"
"Haris","Cole","Male","Programmer","3061"
"Haris","Holmes","Male","Interpreter","6529"
"Haris","Tucker","Male","Archeologist","9599"
"Haris","Morris","Male","Teacher","2756"
"Haris","Stevens","Male","Fashion Designer","3956"
"Harold","Russell","Male","Medic","4319"
"Harold","Owens","Male","Botanist","4579"
"Harold","Perry","Male","Interpreter","2100"
"Harold","Harrison","Male","Scientist","8012"
"Harold","Allen","Male","Pharmacist","9432"
"Harold","Edwards","Male","Driver","3576"
"Harold","Owens","Male","Singer","1852"
"Harold","Owens","Male","Salesman","4967"
"Harold","Adams","Male","Chemist","2208"
"Harold","Hunt","Male","Veterinarian","542"
"Harold","Bailey","Male","Geologist","1058"
"Harold","Myers","Male","Historian","7360"
"Harold","Foster","Male","Electrician","5260"
"Harold","Owens","Male","Composer","2625"
"Heather","Perry","Female","Chef","1852"
"Heather","Higgins","Female","Mechanic","4742"
"Heather","Jones","Female","Actor","6807"
"Heather","Cooper","Female","Scientist","3088"
"Heather","Spencer","Female","Photographer","7435"
"Heather","Cole","Female","Photographer","8515"
"Heather","Johnson","Female","Fine Artist","786"
"Heather","Cunningham","Female","Physicist","9071"
"Heather","Hawkins","Female","Archeologist","5853"
"Henry","Morgan","Male","Photographer","651"
"Henry","Hall","Male","Veterinarian","5705"
"Henry","Brown","Male","Interior Designer","4080"
"Henry","Casey","Male","Interior Designer","5713"
"Henry","Ryan","Male","Agronomist","2378"
"Henry","Jones","Male","Chemist","1207"
"Henry","Sullivan","Male","Cook","9683"
"Henry","Higgins","Male","Astronomer","5828"
"Henry","Harris","Male","Salesman","9368"
"Henry","Murray","Male","Photographer","2111"
"Henry","Carter","Male","Insurer","4909"
"Henry","Allen","Male","Firefighter","8661"
"Honey","Phillips","Female","Baker","1379"
"Honey","Wright","Female","Scientist","7554"
"Honey","Payne","Female","Fine Artist","5915"
"Honey","Mason","Female","Pharmacist","2196"
"Honey","Russell","Female","Hairdresser","1578"
"Honey","Wells","Female","Agronomist","2850"
"Honey","Nelson","Female","Scientist","9213"
"Honey","Thomas","Female","Veterinarian","2737"
"Isabella","Foster","Female","Journalist","1401"
"Isabella","Davis","Female","Jeweller","1785"
"Isabella","Kelly","Female","Police Officer","5435"
"Isabella","Owens","Female","Archeologist","4472"
"Isabella","Cameron","Female","Botanist","3090"
"Isabella","Walker","Female","Botanist","6541"
"Isabella","Douglas","Female","Actor","518"
"Isabella","Harper","Female","Mechanic","1471"
"Isabella","Warren","Female","Florist","7761"
"Isabella","Mitchell","Female","Astronomer","7443"
"Jack","Foster","Male","Actor","4608"
"Jack","Turner","Male","Economist","5806"
"Jack","Cooper","Male","Electrician","8450"
"Jack","Barrett","Male","Medic","2535"
"Jack","Clark","Male","Cook","6333"
"Jack","West","Male","Dancer","861"
"Jack","Hunt","Male","Jeweller","4568"
"Jack","Wright","Male","Composer","9083"
"Jack","Hall","Male","Fine Artist","3153"
"Jack","Gray","Male","Mathematician","9557"
"Jack","Clark","Male","Driver","2516"
"Jack","Higgins","Male","Lawer","2291"
"Jack","Cole","Male","Physicist","9035"
"Jacob","Richardson","Male","Florist","1987"
"Jacob","Fowler","Male","Agronomist","8439"
"Jacob","Wells","Male","Carpenter","7490"
"Jacob","Kelly","Male","Chef","4043"
"Jacob","Harrison","Male","Programmer","1272"
"Jacob","Owens","Male","Architect","4227"
"Jacob","Parker","Male","Florist","8797"
"Jacob","Edwards","Male","Driver","7684"
"James","Campbell","Male","Firefighter","7095"
"James","Hill","Male","Geologist","9059"
"James","Johnston","Male","Agronomist","8790"
"James","Hamilton","Male","Biochemist","3895"
"James","Wright","Male","Dancer","7274"
"James","Andrews","Male","Driver","3666"
"James","Sullivan","Male","Physicist","6703"
"James","Miller","Male","Programmer","6897"
"James","Robinson","Male","Mathematician","599"
"James","Robinson","Male","Graphic Designer","766"
"James","Wilson","Male","Insurer","5060"
"Jared","Nelson","Male","Veterinarian","658"
"Jared","Thomas","Male","Geologist","7638"
"Jared","Richardson","Male","Insurer","941"
"Jared","Baker","Male","Carpenter","6241"
"Jared","Bennett","Male","Engineer","6690"
"Jared","Barnes","Male","Composer","3057"
"Jared","Thompson","Male","Hairdresser","2204"
"Jared","Cameron","Male","Geologist","7768"
"Jared","Morris","Male","Teacher","8688"
"Jared","Gray","Male","Historian","1130"
"Jasmine","Johnston","Female","Accountant","3547"
"Jasmine","Montgomery","Female","Producer","3671"
"Jasmine","Elliott","Female","Graphic Designer","5985"
"Jasmine","Ross","Female","Lecturer","8888"
"Jasmine","Watson","Female","Graphic Designer","8579"
"Jasmine","Crawford","Female","Cook","5794"
"Jasmine","Crawford","Female","Biochemist","9495"
"Jasmine","Williams","Female","Medic","2566"
"Jasmine","Montgomery","Female","Social Worker","9191"
"Jasmine","Carroll","Female","Electrician","5467"
"Jasmine","Harper","Female","Programmer","3359"
"Jenna","Foster","Female","Composer","7306"
"Jenna","Taylor","Female","Scientist","584"
"Jenna","Nelson","Female","Accountant","5552"
"Jenna","Clark","Female","Insurer","7020"
"Jenna","Wilson","Female","Electrician","7893"
"Jenna","Howard","Female","Programmer","3168"
"Jenna","Tucker","Female","Fashion Designer","1284"
"Jenna","Cooper","Female","Archeologist","2612"
"Jenna","Craig","Female","Engineer","5971"
"Jessica","Howard","Female","Producer","3808"
"Jessica","Richards","Female","Meteorologist","2325"
"Jessica","Martin","Female","Meteorologist","8326"
"Jessica","Harper","Female","Journalist","8857"
"Jessica","Lloyd","Female","Geologist","2490"
"Jessica","Stewart","Female","Chef","2753"
"Jessica","Johnson","Female","Salesman","4075"
"John","Wright","Male","Fine Artist","1953"
"John","Watson","Male","Auditor","4582"
"John","Craig","Male","Meteorologist","9074"
"John","Ryan","Male","Firefighter","9764"
"John","Casey","Male","Actor","4470"
"John","Harrison","Male","Teacher","3070"
"Jordan","Perkins","Male","Baker","4824"
"Jordan","Howard","Male","Astronomer","2045"
"Jordan","Kelley","Male","Photographer","1004"
"Joyce","Davis","Female","Aeroplane Pilot","9887"
"Joyce","Ellis","Female","Botanist","1499"
"Joyce","Andrews","Female","Geologist","2928"
"Joyce","Perkins","Female","Scientist","6837"
"Joyce","Harper","Female","Mathematician","4579"
"Joyce","Allen","Female","Firefighter","6593"
"Joyce","Harrison","Female","Graphic Designer","6903"
"Joyce","Spencer","Female","Driver","5197"
"Julia","Perry","Female","Composer","5065"
"Julia","Sullivan","Female","Medic","3024"
"Julia","Mitchell","Female","Physicist","7872"
"Julia","Reed","Female","Veterinarian","3688"
"Julia","Williams","Female","Botanist","8779"
"Julia","Ross","Female","Auditor","1115"
"Julia","Hill","Female","Singer","2879"
"Julian","Taylor","Male","Insurer","2287"
"Julian","Douglas","Male","Pharmacist","3410"
"Julian","Hawkins","Male","Firefighter","2079"
"Julian","Douglas","Male","Botanist","4928"
"Julian","Smith","Male","Architect","9151"
"Julian","Wilson","Male","Journalist","819"
"Julian","Kelley","Male","Jeweller","4838"
"Julian","Lloyd","Male","Meteorologist","9446"
"Justin","Ellis","Male","Salesman","8706"
"Justin","Nelson","Male","Firefighter","9328"
"Justin","Bailey","Male","Meteorologist","7564"
"Justin","Thomas","Male","Pharmacist","2440"
"Justin","Hawkins","Male","Architect","5645"
"Justin","Walker","Male","Social Worker","1847"
"Justin","Turner","Male","Veterinarian","5238"
"Justin","Martin","Male","Journalist","3377"
"Justin","Parker","Male","Baker","5665"
"Kate","Foster","Female","Journalist","1590"
"Kate","Alexander","Female","Aeroplane Pilot","5964"
"Kate","Johnston","Female","Botanist","4477"
"Kate","Williams","Female","Pharmacist","5850"
"Kate","Grant","Female","Veterinarian","3284"
"Kate","Baker","Female","Composer","7445"
"Kate","Grant","Female","Aeroplane Pilot","8753"
"Kate","Smith","Female","Fine Artist","5787"
"Kate","Murphy","Female","Fashion Designer","3010"
"Kate","Elliott","Female","Interpreter","8035"
"Kate","Allen","Female","Astronomer","938"
"Kate","Murray","Female","Jeweller","2618"
"Kate","Wells","Female","Electrician","2559"
"Kate","Henderson","Female","Physicist","8102"
"Kellan","Andrews","Male","Graphic Designer","4307"
"Kellan","Douglas","Male","Graphic Designer","9829"
"Kellan","Lloyd","Male","Fashion Designer","8050"
"Kellan","Crawford","Male","Photographer","5249"
"Kellan","Sullivan","Male","Chemist","7835"
"Kellan","Henderson","Male","Manager","9777"
"Kellan","Harrison","Male","Teacher","6659"
"Kelsey","Hawkins","Female","Graphic Designer","2359"
"Kelsey","Parker","Female","Firefighter","4287"
"Kelsey","Sullivan","Female","Programmer","9092"
"Kelsey","Cameron","Female","Graphic Designer","8471"
"Kelsey","Mason","Female","Firefighter","1682"
"Kelsey","Martin","Female","Architect","6600"
"Kelsey","Gibson","Female","Photographer","784"
"Kelsey","Moore","Female","Pharmacist","1312"
"Kelvin","Carter","Male","Hairdresser","1037"
"Kelvin","Jones","Male","Jeweller","6784"
"Kelvin","Casey","Male","Florist","2426"
"Kelvin","Richardson","Male","Chef","1146"
"Kelvin","Barnes","Male","Fashion Designer","3770"
"Kelvin","Ryan","Male","Teacher","8094"
"Kevin","Wright","Male","Biochemist","6141"
"Kevin","Holmes","Male","Lecturer","2809"
"Kimberly","Robinson","Female","Actor","7309"
"Kimberly","Cameron","Female","Agronomist","2368"
"Kimberly","Myers","Female","Geologist","7105"
"Kimberly","Dixon","Female","Auditor","9435"
"Kimberly","Smith","Female","Social Worker","3874"
"Kimberly","Higgins","Female","Carpenter","9838"
"Kimberly","Howard","Female","Photographer","7881"
"Kirsten","Fowler","Female","Dancer","6474"
"Kirsten","Richards","Female","Producer","9381"
"Kirsten","Douglas","Female","Producer","1240"
"Kristian","Ellis","Male","Lecturer","1365"
"Kristian","Owens","Male","Graphic Designer","7518"
"Kristian","Ellis","Male","Engineer","5700"
"Kristian","Holmes","Male","Auditor","3530"
"Kristian","Campbell","Male","Firefighter","6177"
"Kristian","Hawkins","Male","Geologist","8653"
"Lana","Kelly","Female","Graphic Designer","1360"
"Lana","Hawkins","Female","Botanist","6444"
"Lana","Thomas","Female","Mechanic","3582"
"Lana","Andrews","Female","Historian","9516"
"Lana","Morrison","Female","Photographer","2671"
"Lana","Thompson","Female","Cook","9376"
"Lana","Perry","Female","Architect","4015"
"Lenny","Ferguson","Male","Scientist","4761"
"Lenny","Higgins","Male","Composer","8263"
"Lenny","Chapman","Male","Producer","9404"
"Lenny","Thomas","Male","Engineer","5465"
"Lenny","Hunt","Male","Police Officer","6378"
"Lenny","Harper","Male","Composer","5510"
"Lenny","Rogers","Male","Mathematician","2479"
"Leonardo","Cameron","Male","Social Worker","6435"
"Leonardo","Reed","Male","Lawer","1864"
"Leonardo","Scott","Male","Economist","8707"
"Leonardo","Clark","Male","Mechanic","1378"
"Leonardo","Campbell","Male","Physicist","797"
"Leonardo","Foster","Male","Driver","9025"
"Lilianna","Thompson","Female","Accountant","5280"
"Lilianna","Stewart","Female","Mechanic","913"
"Lilianna","Williams","Female","Economist","7478"
"Lilianna","Harper","Female","Insurer","2975"
"Lilianna","Carter","Female","Interior Designer","9201"
"Lilianna","Williams","Female","Actor","2751"
"Lilianna","Fowler","Female","Physicist","5095"
"Lilianna","Wright","Female","Fine Artist","3030"
"Lilianna","Montgomery","Female","Interior Designer","5363"
"Lilianna","Ross","Female","Programmer","8303"
"Lilianna","Foster","Female","Electrician","7252"
"Lilianna","Baker","Female","Interior Designer","6358"
"Lilianna","Watson","Female","Interpreter","2575"
"Lilianna","Richardson","Female","Electrician","1597"
"Lilianna","Hunt","Female","Meteorologist","6434"
"Lilianna","Adams","Female","Interpreter","2922"
"Lilianna","Spencer","Female","Engineer","1405"
"Lily","Owens","Female","Archeologist","4132"
"Lily","Johnston","Female","Fashion Designer","3255"
"Lily","Scott","Female","Scientist","2433"
"Lily","Thompson","Female","Photographer","9658"
"Lily","Gibson","Female","Salesman","3146"
"Lily","Perkins","Female","Fine Artist","941"
"Lily","Ferguson","Female","Journalist","8914"
"Lucas","Richards","Male","Firefighter","3778"
"Lucas","Owens","Male","Accountant","9288"
"Lucas","Hamilton","Male","Journalist","9815"
"Lucas","Campbell","Male","Architect","7663"
"Lucas","Hall","Male","Meteorologist","6963"
"Lucas","Hawkins","Male","Mechanic","2675"
"Lucia","Carter","Female","Fine Artist","1775"
"Lucia","Martin","Female","Agronomist","5174"
"Lucia","Russell","Female","Teacher","9590"
"Lucia","Douglas","Female","Insurer","9285"
"Lucia","Dixon","Female","Carpenter","7041"
"Lucia","Fowler","Female","Manager","8413"
"Lucy","Foster","Female","Fashion Designer","7021"
"Lucy","Jones","Female","Archeologist","6333"
"Lucy","Harrison","Female","Police Officer","9775"
"Lucy","Walker","Female","Veterinarian","8969"
"Lucy","Stewart","Female","Teacher","3528"
"Lucy","Crawford","Female","Aeroplane Pilot","9446"
"Lucy","Robinson","Female","Meteorologist","3534"
"Lucy","Parker","Female","Actor","3427"
"Lucy","Martin","Female","Scientist","7855"
"Lucy","Watson","Female","Social Worker","4810"
"Luke","Higgins","Male","Biochemist","7854"
"Luke","Anderson","Male","Archeologist","2595"
"Luke","Campbell","Male","Programmer","4362"
"Luke","Nelson","Male","Lawer","1714"
"Luke","Parker","Male","Journalist","4418"
"Lydia","Anderson","Female","Lecturer","8992"
"Lydia","Brooks","Female","Florist","7334"
"Lydia","Grant","Female","Botanist","5073"
"Lydia","Perkins","Female","Baker","7366"
"Lydia","Wells","Female","Physicist","3087"
"Lydia","Lloyd","Female","Accountant","2536"
"Lydia","Kelly","Female","Firefighter","9864"
"Lydia","Riley","Female","Journalist","5816"
"Lydia","Nelson","Female","Driver","867"
"Lydia","Ryan","Female","Lecturer","2029"
"Lyndon","Wells","Male","Journalist","5490"
"Lyndon","Myers","Male","Insurer","4158"
"Lyndon","Owens","Male","Veterinarian","9091"
"Lyndon","Johnson","Male","Fashion Designer","1972"
"Lyndon","Ellis","Male","Hairdresser","1472"
"Lyndon","Howard","Male","Physicist","7193"
"Madaline","Craig","Female","Florist","7095"
"Madaline","Cooper","Female","Programmer","4134"
"Madaline","Wells","Female","Chemist","6756"
"Madaline","Payne","Female","Police Officer","8103"
"Madaline","Morrison","Female","Composer","1451"
"Madaline","Mitchell","Female","Jeweller","9885"
"Madaline","Rogers","Female","Accountant","6860"
"Madaline","Reed","Female","Historian","2521"
"Maddie","Foster","Female","Botanist","6888"
"Maddie","Douglas","Female","Fine Artist","3706"
"Maddie","West","Female","Historian","6223"
"Maddie","Phillips","Female","Historian","3323"
"Maddie","Thomas","Female","Programmer","1972"
"Marcus","Grant","Male","Fashion Designer","2814"
"Marcus","Williams","Male","Journalist","1109"
"Marcus","Crawford","Male","Geologist","7777"
"Marcus","Turner","Male","Insurer","9476"
"Maria","Myers","Female","Dancer","3550"
"Maria","Baker","Female","Carpenter","2764"
"Maria","Bailey","Female","Meteorologist","7886"
"Maria","Smith","Female","Architect","2030"
"Maria","Bennett","Female","Fashion Designer","9426"
"Maria","Brooks","Female","Physicist","7032"
"Maria","Holmes","Female","Jeweller","2404"
"Maria","Martin","Female","Meteorologist","7518"
"Martin","Campbell","Male","Interpreter","4541"
"Martin","Evans","Male","Composer","4989"
"Martin","Casey","Male","Interior Designer","7877"
"Martin","Sullivan","Male","Mathematician","2876"
"Martin","Allen","Male","Mechanic","7116"
"Martin","Gibson","Male","Historian","8201"
"Martin","Morrison","Male","Botanist","8301"
"Martin","Stewart","Male","Biochemist","4400"
"Martin","Chapman","Male","Producer","5093"
"Martin","Smith","Male","Lecturer","8359"
"Martin","Bailey","Male","Meteorologist","3640"
"Martin","Roberts","Male","Lecturer","8828"
"Mary","West","Female","Agronomist","637"
"Mary","Douglas","Female","Carpenter","1904"
"Mary","Murphy","Female","Manager","5821"
"Mary","Cunningham","Female","Accountant","5466"
"Mary","Campbell","Female","Cook","9888"
"Mary","Ross","Female","Graphic Designer","3769"
"Mary","Crawford","Female","Programmer","9459"
"Mary","Harper","Female","Mathematician","9001"
"Mary","Gray","Female","Social Worker","585"
"Mary","Alexander","Female","Carpenter","2559"
"Max","Cunningham","Male","Economist","6099"
"Max","Chapman","Male","Journalist","1237"
"Max","Ross","Male","Dancer","2705"
"Max","West","Male","Agronomist","616"
"Max","Crawford","Male","Geologist","9127"
"Max","Mason","Male","Astronomer","8367"
"Max","Ellis","Male","Aeroplane Pilot","2208"
"Max","Harper","Male","Graphic Designer","3684"
"Max","Reed","Male","Social Worker","3636"
"Max","Hawkins","Male","Medic","8705"
"Max","Jones","Male","Agronomist","8916"
"Maximilian","Harper","Male","Singer","2257"
"Maximilian","Adams","Male","Lawer","7309"
"Maximilian","Allen","Male","Historian","2959"
"Maximilian","Anderson","Male","Fashion Designer","1478"
"Maximilian","Gibson","Male","Engineer","5277"
"Maya","Lloyd","Female","Carpenter","3827"
"Maya","Kelley","Female","Journalist","7195"
"Maya","Reed","Female","Programmer","2773"
"Melanie","Moore","Female","Photographer","6355"
"Melanie","Edwards","Female","Fine Artist","7670"
"Melanie","Hall","Female","Electrician","2017"
"Melanie","Thomas","Female","Insurer","609"
"Melissa","Spencer","Female","Lawer","4496"
"Melissa","Hamilton","Female","Cook","3626"
"Melissa","Johnson","Female","Pharmacist","6888"
"Melissa","Richardson","Female","Hairdresser","8172"
"Melissa","Hall","Female","Baker","6656"
"Melissa","Hill","Female","Agronomist","1753"
"Melissa","Gibson","Female","Composer","5982"
"Melissa","Morgan","Female","Singer","8413"
"Michael","Walker","Male","Lawer","4763"
"Michael","Johnson","Male","Producer","1130"
"Michael","Brooks","Male","Carpenter","3663"
"Michael","Brown","Male","Producer","741"
"Michael","Gibson","Male","Chef","2925"
"Michael","Ellis","Male","Agronomist","1063"
"Michael","Richards","Male","Economist","516"
"Michael","Tucker","Male","Geologist","3652"
"Michael","Fowler","Male","Carpenter","5217"
"Michelle","Armstrong","Female","Photographer","6459"
"Michelle","Warren","Female","Mechanic","9797"
"Michelle","Ferguson","Female","Chemist","6519"
"Michelle","Taylor","Female","Accountant","6025"
"Michelle","Fowler","Female","Auditor","7394"
"Michelle","Bailey","Female","Astronomer","9426"
"Michelle","Holmes","Female","Interior Designer","5387"
"Michelle","Montgomery","Female","Interpreter","1308"
"Mike","Warren","Male","Mechanic","9284"
"Mike","Davis","Male","Baker","9795"
"Mike","Douglas","Male","Driver","3594"
"Mike","Miller","Male","Interior Designer","9629"
"Mike","Gibson","Male","Archeologist","3015"
"Mike","Ross","Male","Journalist","9544"
"Mike","Cunningham","Male","Baker","8987"
"Mike","Smith","Male","Electrician","1455"
"Mike","Harrison","Male","Historian","1239"
"Miley","Holmes","Female","Manager","6616"
"Miley","Reed","Female","Salesman","8956"
"Miley","Hawkins","Female","Teacher","3857"
"Miley","Armstrong","Female","Interior Designer","856"
"Miley","Davis","Female","Fashion Designer","3750"
"Miller","Gray","Male","Archeologist","719"
"Miller","Robinson","Male","Biochemist","8645"
"Miller","Reed","Male","Carpenter","3621"
"Miller","Perry","Male","Police Officer","4968"
"Miller","Perkins","Male","Veterinarian","7711"
"Miller","Owens","Male","Graphic Designer","8812"
"Miller","Foster","Male","Hairdresser","5317"
"Miranda","Murray","Female","Manager","5700"
"Miranda","Jones","Female","Social Worker","7992"
"Miranda","Robinson","Female","Singer","4673"
"Miranda","Kelley","Female","Manager","3528"
"Miranda","Davis","Female","Florist","3975"
"Miranda","Walker","Female","Lecturer","4212"
"Miranda","Perry","Female","Fashion Designer","3926"
"Miranda","Chapman","Female","Architect","9559"
"Miranda","Carter","Female","Programmer","6656"
"Miranda","Campbell","Female","Veterinarian","578"
"Miranda","Campbell","Female","Biochemist","6574"
"Myra","Kelly","Female","Chef","5865"
"Myra","Craig","Female","Social Worker","1832"
"Myra","Hill","Female","Producer","3436"
"Myra","Grant","Female","Manager","2598"
"Myra","Brooks","Female","Jeweller","8267"
"Myra","Wells","Female","Auditor","1117"
"Myra","Rogers","Female","Driver","988"
"Myra","Cole","Female","Interior Designer","1513"
"Naomi","Morrison","Female","Lawer","2851"
"Naomi","Martin","Female","Chef","5102"
"Naomi","Barrett","Female","Interior Designer","2904"
"Naomi","Watson","Female","Chef","3887"
"Naomi","Miller","Female","Historian","907"
"Natalie","Richards","Female","Salesman","9162"
"Natalie","Barnes","Female","Interpreter","2139"
"Natalie","Dixon","Female","Manager","8210"
"Natalie","Ferguson","Female","Chef","9744"
"Natalie","Craig","Female","Driver","7640"
"Natalie","Robinson","Female","Biochemist","7088"
"Natalie","Kelly","Female","Interior Designer","7600"
"Natalie","Bailey","Female","Fine Artist","1850"
"Natalie","Armstrong","Female","Economist","8216"
"Natalie","Perkins","Female","Botanist","6894"
"Natalie","Russell","Female","Meteorologist","5418"
"Natalie","Morgan","Female","Interpreter","1989"
"Ned","Casey","Male","Composer","5346"
"Ned","Stewart","Male","Florist","7200"
"Ned","Brown","Male","Fashion Designer","7389"
"Ned","Johnson","Male","Teacher","9450"
"Ned","Rogers","Male","Firefighter","4508"
"Ned","Campbell","Male","Teacher","6631"
"Nicholas","Fowler","Male","Manager","1923"
"Nicholas","Lloyd","Male","Carpenter","7581"
"Nicholas","Johnson","Male","Engineer","598"
"Nicholas","Cameron","Male","Police Officer","1118"
"Nicholas","Bennett","Male","Electrician","3214"
"Nicholas","Morrison","Male","Lawer","6898"
"Nicholas","Johnston","Male","Cook","4836"
"Nicholas","Spencer","Male","Botanist","2321"
"Nicole","Hamilton","Female","Archeologist","5681"
"Nicole","Hall","Female","Biochemist","8123"
"Nicole","Scott","Female","Aeroplane Pilot","3788"
"Nicole","Morris","Female","Economist","4908"
"Nicole","Johnson","Female","Hairdresser","2805"
"Nicole","Montgomery","Female","Salesman","6653"
"Oliver","Elliott","Male","Social Worker","6272"
"Oliver","Higgins","Male","Medic","6472"
"Oliver","Mitchell","Male","Firefighter","1483"
"Oliver","Kelly","Male","Chemist","2044"
"Oliver","Cooper","Male","Chemist","4306"
"Oliver","Stevens","Male","Pharmacist","7102"
"Oliver","Williams","Male","Chef","697"
"Oliver","Douglas","Male","Florist","7616"
"Oliver","Hill","Male","Accountant","844"
"Olivia","Stevens","Female","Archeologist","8611"
"Olivia","Chapman","Female","Florist","2216"
"Olivia","Ferguson","Female","Biochemist","9868"
"Olivia","Williams","Female","Electrician","1669"
"Olivia","Kelly","Female","Police Officer","4562"
"Olivia","Bennett","Female","Jeweller","2546"
"Olivia","Miller","Female","Teacher","5650"
"Olivia","Ellis","Female","Lawer","2944"
"Olivia","Richards","Female","Pharmacist","2496"
"Olivia","Perry","Female","Interior Designer","6792"
"Olivia","Chapman","Female","Aeroplane Pilot","7515"
"Oscar","Stewart","Male","Baker","2019"
"Oscar","Bailey","Male","Accountant","5788"
"Oscar","Johnston","Male","Cook","4660"
"Oscar","Wright","Male","Scientist","3938"
"Oscar","Taylor","Male","Fashion Designer","3539"
"Oscar","Morgan","Male","Dancer","4145"
"Oscar","Morgan","Male","Graphic Designer","9902"
"Oscar","Lloyd","Male","Chef","7475"
"Oscar","Craig","Male","Medic","7397"
"Oscar","Tucker","Male","Archeologist","5049"
"Oscar","Murphy","Male","Fine Artist","7943"
"Owen","Harrison","Male","Carpenter","8252"
"Owen","Harris","Male","Archeologist","4603"
"Owen","Hawkins","Male","Salesman","1999"
"Owen","Hunt","Male","Fashion Designer","4269"
"Owen","Hamilton","Male","Interpreter","6234"
"Owen","Williams","Male","Economist","6072"
"Owen","Russell","Male","Biochemist","7338"
"Paige","Scott","Female","Agronomist","9297"
"Paige","Richards","Female","Actor","8153"
"Paige","Crawford","Female","Singer","5898"
"Paige","Payne","Female","Pharmacist","2411"
"Paige","Walker","Female","Manager","3111"
"Paige","Baker","Female","Astronomer","5242"
"Paige","Bennett","Female","Chef","2432"
"Paige","Clark","Female","Interior Designer","6862"
"Paige","Robinson","Female","Salesman","3416"
"Patrick","Henderson","Male","Driver","1508"
"Patrick","Johnston","Male","Dancer","8528"
"Patrick","Davis","Male","Accountant","3313"
"Paul","Robinson","Male","Scientist","9450"
"Paul","Miller","Male","Aeroplane Pilot","3566"
"Paul","Rogers","Male","Insurer","7282"
"Paul","Lloyd","Male","Meteorologist","7626"
"Paul","Higgins","Male","Archeologist","8645"
"Paul","Montgomery","Male","Botanist","1544"
"Penelope","Wells","Female","Electrician","3643"
"Penelope","Howard","Female","Fashion Designer","7033"
"Penelope","Lloyd","Female","Lawer","8363"
"Penelope","Morgan","Female","Photographer","9267"
"Penelope","Wilson","Female","Chef","8636"
"Penelope","Moore","Female","Engineer","7510"
"Penelope","Howard","Female","Geologist","7781"
"Penelope","Murray","Female","Interior Designer","2270"
"Penelope","Phillips","Female","Engineer","9786"
"Preston","Clark","Male","Insurer","8655"
"Preston","Thomas","Male","Jeweller","4970"
"Rafael","Ellis","Male","Fine Artist","6260"
"Rafael","Cooper","Male","Dancer","669"
"Rafael","Walker","Male","Accountant","2342"
"Rafael","Stewart","Male","Graphic Designer","3475"
"Rafael","Harper","Male","Driver","996"
"Rafael","Roberts","Male","Meteorologist","4853"
"Rafael","West","Male","Archeologist","6154"
"Rebecca","Spencer","Female","Driver","7573"
"Rebecca","Grant","Female","Mechanic","3635"
"Rebecca","Spencer","Female","Engineer","9212"
"Rebecca","Hill","Female","Firefighter","3852"
"Rebecca","Murray","Female","Accountant","1349"
"Rebecca","Brown","Female","Chemist","1957"
"Rebecca","Ellis","Female","Graphic Designer","522"
"Rebecca","Armstrong","Female","Driver","7475"
"Rebecca","Thomas","Female","Carpenter","4657"
"Reid","Carroll","Male","Programmer","8644"
"Reid","Owens","Male","Agronomist","2830"
"Reid","Fowler","Male","Accountant","5663"
"Reid","Wilson","Male","Firefighter","6073"
"Reid","Crawford","Male","Agronomist","5866"
"Richard","Wilson","Male","Salesman","4936"
"Richard","Barrett","Male","Cook","2373"
"Richard","West","Male","Baker","5318"
"Richard","Reed","Male","Programmer","5233"
"Robert","Robinson","Male","Mathematician","9317"
"Robert","Montgomery","Male","Medic","1243"
"Robert","Douglas","Male","Social Worker","9156"
"Robert","Johnson","Male","Photographer","963"
"Robert","Williams","Male","Archeologist","2797"
"Robert","Farrell","Male","Fine Artist","3746"
"Roland","Stewart","Male","Interior Designer","6337"
"Roland","Campbell","Male","Insurer","4085"
"Roland","Bennett","Male","Lecturer","9499"
"Roman","Cameron","Male","Architect","8865"
"Roman","Evans","Male","Jeweller","1191"
"Roman","Cameron","Male","Botanist","3562"
"Roman","Murray","Male","Photographer","7230"
"Roman","Andrews","Male","Jeweller","1609"
"Rosie","Gray","Female","Lecturer","5006"
"Rosie","Kelley","Female","Salesman","5550"
"Rosie","Bennett","Female","Agronomist","6643"
"Rosie","Ellis","Female","Social Worker","1839"
"Rosie","Richardson","Female","Economist","3355"
"Rosie","Thompson","Female","Composer","9196"
"Rosie","Lloyd","Female","Hairdresser","3107"
"Rosie","Cole","Female","Baker","8587"
"Rosie","Kelley","Female","Interior Designer","9222"
"Rosie","Jones","Female","Fashion Designer","5550"
"Rosie","Foster","Female","Architect","2965"
"Rosie","Martin","Female","Manager","9234"
"Rosie","Rogers","Female","Veterinarian","2871"
"Rosie","Hunt","Female","Interpreter","9837"
"Rosie","Clark","Female","Scientist","3306"
"Rosie","Henderson","Female","Astronomer","7534"
"Rosie","Fowler","Female","Auditor","599"
"Rosie","Perry","Female","Economist","5835"
"Rosie","Miller","Female","Economist","1632"
"Rubie","Thomas","Female","Engineer","1105"
"Rubie","Taylor","Female","Singer","6987"
"Rubie","Turner","Female","Teacher","6516"
"Rubie","Anderson","Female","Astronomer","727"
"Rubie","Ryan","Female","Teacher","2140"
"Rubie","Smith","Female","Accountant","8226"
"Rubie","Wilson","Female","Accountant","8206"
"Rubie","Anderson","Female","Dancer","3277"
"Rubie","Tucker","Female","Medic","7904"
"Rubie","Payne","Female","Medic","7769"
"Rubie","Elliott","Female","Mathematician","3831"
"Ryan","Perry","Male","Accountant","8908"
"Ryan","Richards","Male","Composer","2347"
"Ryan","Mitchell","Male","Actor","1620"
"Ryan","Thomas","Male","Medic","6558"
"Ryan","Foster","Male","Accountant","3018"
"Ryan","Higgins","Male","Dancer","5747"
"Ryan","Barrett","Male","Historian","1899"
"Ryan","Cameron","Male","Producer","4554"
"Ryan","Hill","Male","Chemist","2389"
"Ryan","Dixon","Male","Auditor","8470"
"Ryan","Casey","Male","Mechanic","3527"
"Ryan","Harris","Male","Cook","9679"
"Ryan","Tucker","Male","Historian","3394"
"Ryan","Hamilton","Male","Geologist","8105"
"Ryan","Hall","Male","Police Officer","5005"
"Ryan","Hill","Male","Firefighter","7306"
"Ryan","Cole","Male","Teacher","6089"
"Ryan","Robinson","Male","Historian","7328"
"Ryan","Anderson","Male","Historian","5322"
"Sabrina","Gray","Female","Interior Designer","3678"
"Sabrina","Myers","Female","Agronomist","2224"
"Sabrina","Ellis","Female","Baker","2811"
"Sabrina","Hunt","Female","Physicist","9704"
"Sabrina","Ryan","Female","Mathematician","4087"
"Sabrina","Harris","Female","Scientist","7784"
"Sabrina","Spencer","Female","Florist","7038"
"Sabrina","Baker","Female","Accountant","5968"
"Sabrina","Andrews","Female","Programmer","7888"
"Sabrina","Nelson","Female","Economist","7773"
"Sam","Hunt","Male","Salesman","5021"
"Sam","Riley","Male","Jeweller","1244"
"Sam","Brown","Male","Chef","7832"
"Sam","Carroll","Male","Aeroplane Pilot","8107"
"Samantha","Baker","Female","Programmer","1163"
"Samantha","Wells","Female","Aeroplane Pilot","1635"
"Samantha","Morgan","Female","Auditor","8733"
"Samantha","Mason","Female","Firefighter","9580"
"Sarah","Higgins","Female","Interpreter","8567"
"Sarah","Cole","Female","Firefighter","8620"
"Sarah","Jones","Female","Fashion Designer","3023"
"Sarah","Adams","Female","Salesman","9483"
"Sarah","Murray","Female","Electrician","7667"
"Sarah","Watson","Female","Singer","3321"
"Sarah","Baker","Female","Biochemist","8572"
"Sarah","Thompson","Female","Social Worker","3644"
"Sarah","Johnson","Female","Composer","3118"
"Savana","Bailey","Female","Teacher","1472"
"Savana","Montgomery","Female","Archeologist","8943"
"Savana","Henderson","Female","Jeweller","9055"
"Savana","Carter","Female","Firefighter","1434"
"Savana","Hunt","Female","Programmer","7306"
"Savana","Ryan","Female","Producer","3633"
"Savana","Barnes","Female","Geologist","3247"
"Savana","Barnes","Female","Journalist","2709"
"Sawyer","Thompson","Male","Manager","5650"
"Sawyer","Taylor","Male","Archeologist","3531"
"Sawyer","Allen","Male","Graphic Designer","2714"
"Sienna","Taylor","Female","Pharmacist","6036"
"Sienna","Carroll","Female","Biochemist","7924"
"Sienna","Hamilton","Female","Programmer","9016"
"Sienna","Armstrong","Female","Salesman","2712"
"Sienna","Morris","Female","Photographer","1627"
"Sienna","Lloyd","Female","Carpenter","8665"
"Sofia","Ryan","Female","Social Worker","4977"
"Sofia","Johnston","Female","Police Officer","9118"
"Sofia","Evans","Female","Fashion Designer","3967"
"Sofia","Hill","Female","Police Officer","6756"
"Sofia","Edwards","Female","Manager","1363"
"Sofia","Hawkins","Female","Interior Designer","8865"
"Sofia","Grant","Female","Journalist","4839"
"Sofia","Edwards","Female","Graphic Designer","5276"
"Sofia","Grant","Female","Lecturer","6950"
"Sophia","Kelley","Female","Composer","765"
"Sophia","Mason","Female","Architect","1358"
"Sophia","Turner","Female","Interior Designer","1502"
"Sophia","Payne","Female","Fashion Designer","5287"
"Sophia","Crawford","Female","Veterinarian","5268"
"Sophia","Morgan","Female","Electrician","7794"
"Sophia","Morgan","Female","Geologist","1823"
"Spike","Warren","Male","Mathematician","3064"
"Spike","Phillips","Male","Programmer","1285"
"Spike","Turner","Male","Agronomist","2912"
"Spike","Andrews","Male","Journalist","6843"
"Spike","Hill","Male","Mechanic","7731"
"Spike","Higgins","Male","Historian","5078"
"Spike","Hunt","Male","Jeweller","3091"
"Spike","Johnston","Male","Engineer","8474"
"Spike","Davis","Male","Firefighter","1279"
"Stella","Sullivan","Female","Jeweller","4151"
"Stella","Miller","Female","Mathematician","5411"
"Stella","Mitchell","Female","Scientist","3748"
"Stella","Lloyd","Female","Geologist","1317"
"Stella","Fowler","Female","Producer","8815"
"Stella","Cunningham","Female","Dancer","8055"
"Stella","Alexander","Female","Medic","3370"
"Steven","Cameron","Male","Social Worker","2408"
"Steven","Ross","Male","Police Officer","7246"
"Steven","Bailey","Male","Chef","1124"
"Steven","Richardson","Male","Teacher","6192"
"Steven","Owens","Male","Meteorologist","5547"
"Steven","Richards","Male","Photographer","5965"
"Stuart","Campbell","Male","Architect","4862"
"Stuart","Carter","Male","Firefighter","9071"
"Stuart","Wilson","Male","Aeroplane Pilot","8227"
"Stuart","Hill","Male","Electrician","9639"
"Stuart","Farrell","Male","Producer","5805"
"Stuart","Stewart","Male","Chemist","3239"
"Stuart","Cooper","Male","Chef","4112"
"Stuart","Murphy","Male","Mechanic","5996"
"Sydney","Sullivan","Female","Journalist","8413"
"Sydney","Ellis","Female","Scientist","1033"
"Sydney","Perkins","Female","Mathematician","5715"
"Sydney","Adams","Female","Fashion Designer","1804"
"Sydney","Campbell","Female","Archeologist","7856"
"Sydney","Scott","Female","Graphic Designer","7807"
"Sydney","Wright","Female","Aeroplane Pilot","7356"
"Sydney","Morrison","Female","Lecturer","5380"
"Tara","Watson","Female","Lawer","2074"
"Tara","Cameron","Female","Teacher","5074"
"Tara","Ryan","Female","Driver","7915"
"Tara","Williams","Female","Historian","5981"
"Tara","Robinson","Female","Cook","721"
"Tara","West","Female","Florist","685"
"Tara","Andrews","Female","Fine Artist","4714"
"Tara","Martin","Female","Insurer","5276"
"Tara","Douglas","Female","Fine Artist","9282"
"Tara","Barrett","Female","Interpreter","3788"
"Ted","Martin","Male","Baker","2052"
"Ted","Brooks","Male","Medic","2618"
"Ted","Fowler","Male","Social Worker","6667"
"Ted","Grant","Male","Medic","6881"
"Ted","Richards","Male","Archeologist","2050"
"Tess","Ellis","Female","Jeweller","2274"
"Tess","Morrison","Female","Mathematician","7811"
"Tess","Johnson","Female","Graphic Designer","3184"
"Tess","Anderson","Female","Medic","7612"
"Tess","Perkins","Female","Engineer","804"
"Thomas","Ross","Male","Architect","2378"
"Thomas","Richardson","Male","Aeroplane Pilot","696"
"Thomas","Grant","Male","Astronomer","7672"
"Thomas","Ellis","Male","Composer","6465"
"Thomas","Carroll","Male","Interpreter","1344"
"Thomas","Ross","Male","Chef","1906"
"Thomas","Cole","Male","Veterinarian","5996"
"Tiana","Holmes","Female","Salesman","1493"
"Tiana","Davis","Female","Lecturer","3289"
"Tiana","Hunt","Female","Lecturer","8269"
"Tiana","Johnston","Female","Aeroplane Pilot","1589"
"Tiana","Craig","Female","Architect","4851"
"Tiana","Lloyd","Female","Biochemist","3615"
"Tony","Hall","Male","Historian","1265"
"Tony","Perry","Male","Geologist","1041"
"Tony","Moore","Male","Chemist","6996"
"Tony","Jones","Male","Florist","1654"
"Tony","Reed","Male","Economist","3412"
"Tony","Murray","Male","Meteorologist","7850"
"Tyler","Cooper","Male","Engineer","2324"
"Tyler","Russell","Male","Mathematician","3595"
"Tyler","Harrison","Male","Graphic Designer","7767"
"Tyler","Hall","Male","Engineer","7068"
"Tyler","Johnston","Male","Hairdresser","7465"
"Tyler","Walker","Male","Economist","2616"
"Valeria","Perkins","Female","Economist","7212"
"Valeria","Alexander","Female","Florist","1193"
"Valeria","Gray","Female","Astronomer","716"
"Valeria","Roberts","Female","Salesman","4925"
"Valeria","Andrews","Female","Hairdresser","6812"
"Valeria","Armstrong","Female","Cook","6205"
"Vanessa","Davis","Female","Auditor","2762"
"Vanessa","Howard","Female","Florist","1687"
"Vanessa","Dixon","Female","Singer","5284"
"Vanessa","Tucker","Female","Cook","6183"
"Vanessa","Dixon","Female","Driver","548"
"Vanessa","Wright","Female","Social Worker","7926"
"Vanessa","Chapman","Female","Economist","5805"
"Vanessa","Thompson","Female","Baker","5323"
"Victor","Smith","Male","Meteorologist","5350"
"Victor","Sullivan","Male","Cook","9692"
"Victor","Payne","Male","Actor","3385"
"Victor","Andrews","Male","Economist","3651"
"Victor","Clark","Male","Mechanic","1668"
"Victor","Clark","Male","Journalist","3414"
"Victoria","Riley","Female","Botanist","6525"
"Victoria","Wilson","Female","Social Worker","8926"
"Victoria","Harrison","Female","Engineer","5305"
"Victoria","Ellis","Female","Programmer","7385"
"Victoria","Harris","Female","Veterinarian","7534"
"Victoria","Anderson","Female","Interpreter","7022"
"Victoria","Johnson","Female","Journalist","8531"
"Victoria","Hamilton","Female","Meteorologist","547"
"Victoria","Hall","Female","Fashion Designer","3866"
"Vincent","Fowler","Male","Mathematician","5802"
"Vincent","Parker","Male","Hairdresser","6172"
"Vincent","Adams","Male","Aeroplane Pilot","1120"
"Vincent","Roberts","Male","Mathematician","4602"
"Vincent","Sullivan","Male","Journalist","1074"
"Violet","Carroll","Female","Auditor","6707"
"Violet","Campbell","Female","Social Worker","5308"
"Violet","Cooper","Female","Florist","3788"
"Violet","Elliott","Female","Botanist","8659"
"Violet","Alexander","Female","Accountant","4442"
"Violet","Gibson","Female","Social Worker","6987"
"Violet","Rogers","Female","Scientist","1090"
"Violet","Tucker","Female","Salesman","3741"
"Violet","Gibson","Female","Insurer","5660"
"Vivian","Elliott","Female","Lecturer","3632"
"Vivian","Elliott","Female","Chemist","754"
"Vivian","Hill","Female","Dancer","7838"
"Vivian","Evans","Female","Insurer","2671"
"Vivian","West","Female","Teacher","4550"
"Vivian","Craig","Female","Economist","7441"
"Walter","Kelley","Male","Agronomist","8155"
"Walter","Parker","Male","Manager","1965"
"Walter","Payne","Male","Astronomer","9553"
"Walter","Stevens","Male","Composer","7720"
"Walter","Casey","Male","Agronomist","2497"
"William","Thompson","Male","Photographer","9911"
"William","Chapman","Male","Pharmacist","9914"
"William","Nelson","Male","Veterinarian","4003"
"William","Barnes","Male","Dancer","2762"
"William","Miller","Male","Insurer","2520"
"William","Barrett","Male","Actor","8799"
"Wilson","Barnes","Male","Fashion Designer","2741"
"Wilson","Reed","Male","Biochemist","2427"
"Wilson","Perkins","Male","Interior Designer","4634"
"Wilson","Wilson","Male","Biochemist","2234"
"Wilson","Morris","Male","Mechanic","7105"
"Wilson","Bailey","Male","Driver","9667"
"Wilson","Warren","Male","Agronomist","9346"
"Wilson","Turner","Male","Astronomer","8919"
"Wilson","Morris","Male","Fashion Designer","6281"
"Wilson","Douglas","Male","Cook","4791"
